{"cameraMode":{"drawMode":0,"name":"Shaded","section":"Shading Mode"},"sceneLighting":true,"audioPlay":false,"sceneViewState":{"showFog":false,"showMaterialUpdate":false,"showSkybox":false,"showFlares":false,"showImageEffects":false,"showParticleSystems":false},"in2DMode":false,"pivot":{"x":-9.147560119628907,"y":-10.481552124023438,"z":0.8120056390762329},"rotation":{"x":-0.296927273273468,"y":0.6218206882476807,"z":-0.2754533886909485,"w":-0.6702975034713745},"size":22.110328674316408,"orthographic":false}